{"coverage": 67.27941176470588, "raw_data": {"meta": {"format": 2, "version": "7.4.3", "timestamp": "2024-05-03T22:50:12.869140", "branch_coverage": false, "show_contexts": false}, "files": {"nbappinator/__init__.py": {"executed_lines": [1, 2, 4], "summary": {"covered_lines": 3, "num_statements": 3, "percent_covered": 100.0, "percent_covered_display": "100", "missing_lines": 0, "excluded_lines": 0}, "missing_lines": [], "excluded_lines": []}, "nbappinator/aggridhelper.py": {"executed_lines": [1, 2, 3, 4, 7, 22, 36, 37, 39, 40], "summary": {"covered_lines": 10, "num_statements": 10, "percent_covered": 100.0, "percent_covered_display": "100", "missing_lines": 0, "excluded_lines": 0}, "missing_lines": [], "excluded_lines": []}, "nbappinator/appinator.py": {"executed_lines": [1, 2, 3, 4, 5, 7, 8, 9, 10, 11, 12, 13, 15, 16, 17, 18, 19, 21, 23, 26, 27, 28, 29, 30, 33, 34, 35, 36, 37, 40, 41, 42, 43, 44, 46, 47, 49, 64, 65, 67, 69, 71, 77, 88, 97, 104, 107, 113, 128, 139, 147, 153, 154, 157, 158, 164, 170, 171, 177, 187, 193, 194, 195, 197, 203, 225, 245, 258, 261, 264, 265, 296, 298, 299, 300, 306, 329, 332, 333, 334, 337, 339, 341, 343, 345, 346, 348, 352, 353, 364, 365, 367, 370, 372, 392, 395, 407, 410, 412, 427, 434, 435, 437, 439, 441, 443, 446, 450, 452, 454, 465, 468, 469, 471, 473, 476, 478, 483, 489, 490, 495, 496, 500, 501, 502, 503, 507, 508, 510, 512, 514, 515, 516, 517, 519, 524, 526, 528, 530, 537, 538, 539, 543, 544, 546, 547, 549, 551, 553, 556, 560, 561, 562, 563, 565, 567, 568, 570, 571, 574, 575, 576, 577, 578, 579, 582, 584, 585, 586, 587, 588, 591, 604, 605, 606, 607, 608, 610, 612, 614, 616, 617, 618, 623, 633, 634, 635, 636, 638, 658, 672, 678, 688, 689, 690, 691, 692, 693, 694, 695, 696, 698, 699, 700, 747, 748, 750, 751, 761, 762, 763], "summary": {"covered_lines": 211, "num_statements": 296, "percent_covered": 71.28378378378379, "percent_covered_display": "71", "missing_lines": 85, "excluded_lines": 0}, "missing_lines": [80, 82, 89, 90, 91, 121, 122, 180, 181, 211, 213, 214, 215, 219, 235, 239, 259, 262, 272, 273, 280, 281, 290, 291, 292, 294, 330, 393, 396, 405, 408, 455, 456, 458, 459, 460, 462, 463, 466, 472, 474, 479, 491, 498, 520, 521, 522, 531, 532, 534, 535, 541, 554, 557, 558, 641, 643, 645, 646, 649, 650, 651, 652, 653, 654, 656, 659, 660, 661, 663, 664, 666, 667, 669, 670, 673, 674, 679, 680, 681, 682, 683, 684, 685, 752], "excluded_lines": []}, "nbappinator/browser_title.py": {"executed_lines": [1, 2, 3, 5, 9], "summary": {"covered_lines": 5, "num_statements": 8, "percent_covered": 62.5, "percent_covered_display": "62", "missing_lines": 3, "excluded_lines": 0}, "missing_lines": [6, 7, 10], "excluded_lines": []}, "nbappinator/datagrid.py": {"executed_lines": [1, 2, 3, 4, 6, 7, 8, 10, 13, 14, 15, 16, 17, 18, 19, 20, 21, 23, 24, 26, 27, 29, 33, 39, 40, 41, 43, 44, 48, 70, 71, 93, 100, 148, 168, 169, 170, 172, 175, 176, 177, 178, 180, 202, 203, 204, 205, 209, 212, 214, 215, 217, 220, 221, 223, 227, 239, 240, 241, 242, 243, 245, 247, 262, 263, 264, 272, 385, 387, 389, 396, 398, 423, 428, 430], "summary": {"covered_lines": 75, "num_statements": 115, "percent_covered": 65.21739130434783, "percent_covered_display": "65", "missing_lines": 40, "excluded_lines": 0}, "missing_lines": [25, 30, 45, 46, 49, 101, 140, 171, 208, 210, 224, 228, 267, 268, 390, 391, 392, 393, 394, 399, 400, 403, 404, 405, 406, 407, 409, 410, 411, 416, 417, 418, 419, 420, 421, 431, 432, 433, 434, 435], "excluded_lines": []}, "nbappinator/plotly_charts.py": {"executed_lines": [1, 2, 3, 4, 5, 6, 7, 8, 9, 11, 14, 19], "summary": {"covered_lines": 12, "num_statements": 36, "percent_covered": 33.333333333333336, "percent_covered_display": "33", "missing_lines": 24, "excluded_lines": 0}, "missing_lines": [15, 16, 26, 27, 28, 30, 31, 32, 33, 34, 35, 36, 38, 39, 40, 41, 43, 44, 45, 46, 47, 48, 55, 57], "excluded_lines": []}, "nbappinator/treew.py": {"executed_lines": [1, 2, 3, 4, 6, 9, 15, 16, 17, 19, 20, 21, 23, 24, 25, 26, 28, 29, 30, 31, 32, 33, 34, 36, 39, 42, 44, 50, 56, 58, 59, 60, 62, 65, 72], "summary": {"covered_lines": 35, "num_statements": 61, "percent_covered": 57.377049180327866, "percent_covered_display": "57", "missing_lines": 26, "excluded_lines": 0}, "missing_lines": [10, 11, 12, 37, 45, 46, 47, 48, 51, 52, 53, 54, 66, 67, 68, 69, 75, 77, 78, 79, 80, 84, 87, 88, 90, 92], "excluded_lines": []}, "tests/conftest.py": {"executed_lines": [0], "summary": {"covered_lines": 0, "num_statements": 0, "percent_covered": 100.0, "percent_covered_display": "100", "missing_lines": 0, "excluded_lines": 0}, "missing_lines": [], "excluded_lines": []}, "tests/test_nb.py": {"executed_lines": [1, 2, 3, 4, 5, 7, 8, 11, 19, 20, 21, 22, 24, 32, 33], "summary": {"covered_lines": 15, "num_statements": 15, "percent_covered": 100.0, "percent_covered_display": "100", "missing_lines": 0, "excluded_lines": 0}, "missing_lines": [], "excluded_lines": []}}, "totals": {"covered_lines": 366, "num_statements": 544, "percent_covered": 67.27941176470588, "percent_covered_display": "67", "missing_lines": 178, "excluded_lines": 0}}, "coverage_path": "."}