{"coverage": 93.42915811088295, "raw_data": {"meta": {"format": 2, "version": "7.4.3", "timestamp": "2024-05-06T18:26:23.189658", "branch_coverage": false, "show_contexts": false}, "files": {"nbappinator/__init__.py": {"executed_lines": [1, 2, 4], "summary": {"covered_lines": 3, "num_statements": 3, "percent_covered": 100.0, "percent_covered_display": "100", "missing_lines": 0, "excluded_lines": 0}, "missing_lines": [], "excluded_lines": []}, "nbappinator/aggridhelper.py": {"executed_lines": [1, 2, 3, 4, 7, 22, 36, 37, 39, 40], "summary": {"covered_lines": 10, "num_statements": 10, "percent_covered": 100.0, "percent_covered_display": "100", "missing_lines": 0, "excluded_lines": 0}, "missing_lines": [], "excluded_lines": []}, "nbappinator/appinator.py": {"executed_lines": [1, 2, 3, 5, 6, 7, 9, 10, 11, 12, 13, 14, 15, 17, 18, 19, 20, 21, 23, 25, 28, 29, 30, 31, 34, 35, 36, 37, 38, 41, 42, 43, 44, 46, 48, 49, 50, 52, 54, 55, 57, 69, 70, 72, 74, 76, 80, 82, 83, 85, 89, 91, 92, 93, 97, 99, 105, 108, 112, 119, 120, 124, 134, 142, 146, 150, 153, 154, 158, 163, 164, 168, 173, 174, 178, 183, 184, 185, 187, 191, 199, 200, 201, 205, 209, 226, 239, 240, 247, 248, 255, 256, 265, 266, 267, 269, 271, 273, 274, 275, 279, 301, 302, 304, 305, 306, 308, 310, 312, 314, 315, 317, 318, 320, 322, 323, 333, 334, 336, 337, 339, 356, 357, 366, 368, 369, 371, 373, 374, 376, 391, 395, 401, 402, 403, 404, 407, 408, 410, 412, 414, 416, 419, 423, 425, 427, 428, 430, 431, 433, 434, 435, 436, 438, 440, 442, 443, 445, 446, 447, 448, 452, 453, 454, 456, 458, 460, 461, 462, 463, 464, 466, 468, 470, 478, 488, 489, 491, 492, 496, 497, 499, 506, 507, 509, 510, 511, 513, 514, 515, 516, 518, 520, 521, 523, 524, 527, 528, 529, 530, 531, 532, 535, 537, 538, 539, 540, 541, 544, 557, 558, 559, 560, 561, 563, 565, 567, 569, 570, 571, 576, 586, 587, 588, 589, 591, 592, 594, 597, 599, 601, 602, 605, 606, 607, 609, 610, 611, 613, 615, 616, 617, 618, 620, 621, 623, 624, 626, 627, 629, 630, 631, 633, 634, 635, 636, 637, 638, 639, 640, 642, 643, 644, 645, 646, 647, 648, 649, 650, 652, 653, 654, 701, 702, 704, 705, 706, 714, 715, 716], "summary": {"covered_lines": 280, "num_statements": 291, "percent_covered": 96.21993127147766, "percent_covered_display": "96", "missing_lines": 11, "excluded_lines": 0}, "missing_lines": [218, 222, 471, 472, 474, 475, 476, 494, 500, 502, 504], "excluded_lines": []}, "nbappinator/browser_title.py": {"executed_lines": [1, 2, 3, 5, 6, 7, 9, 10], "summary": {"covered_lines": 8, "num_statements": 8, "percent_covered": 100.0, "percent_covered_display": "100", "missing_lines": 0, "excluded_lines": 0}, "missing_lines": [], "excluded_lines": []}, "nbappinator/datagrid.py": {"executed_lines": [1, 2, 3, 4, 6, 7, 8, 10, 13, 14, 15, 16, 17, 18, 19, 20, 22, 23, 24, 25, 26, 29, 35, 36, 37, 39, 40, 41, 42, 44, 45, 66, 67, 89, 96, 97, 136, 144, 164, 165, 166, 167, 168, 171, 172, 173, 174, 176, 198, 199, 200, 201, 203, 205, 206, 208, 210, 211, 213, 216, 217, 219, 220, 223, 224, 235, 236, 237, 238, 239, 241, 243, 258, 259, 260, 263, 264, 268, 381, 383, 385, 394, 396, 397, 398, 401, 402, 404, 405, 406, 408, 409, 410, 415, 416, 417, 419, 424, 426, 427, 428, 429, 430, 431], "summary": {"covered_lines": 103, "num_statements": 103, "percent_covered": 100.0, "percent_covered_display": "100", "missing_lines": 0, "excluded_lines": 6}, "missing_lines": [], "excluded_lines": [385, 388, 389, 390, 391, 392]}, "nbappinator/plotly_charts.py": {"executed_lines": [1, 2, 3, 4, 5, 6, 7, 8, 9, 11, 14, 19], "summary": {"covered_lines": 12, "num_statements": 33, "percent_covered": 36.36363636363637, "percent_covered_display": "36", "missing_lines": 21, "excluded_lines": 0}, "missing_lines": [15, 16, 26, 27, 28, 30, 31, 32, 33, 34, 36, 37, 38, 39, 41, 42, 49, 50, 52, 59, 61], "excluded_lines": []}, "nbappinator/treew.py": {"executed_lines": [1, 2, 4, 13, 14, 15, 17, 18, 19, 21, 22, 23, 24, 26, 27, 28, 29, 30, 31, 32, 34, 35, 37, 40, 42, 43, 44, 45, 46, 48, 49, 50, 51, 52, 54, 56, 57, 58, 60], "summary": {"covered_lines": 39, "num_statements": 39, "percent_covered": 100.0, "percent_covered_display": "100", "missing_lines": 0, "excluded_lines": 0}, "missing_lines": [], "excluded_lines": []}}, "totals": {"covered_lines": 455, "num_statements": 487, "percent_covered": 93.42915811088295, "percent_covered_display": "93", "missing_lines": 32, "excluded_lines": 6}}, "coverage_path": "."}