{"coverage": 97.44094488188976, "raw_data": {"meta": {"format": 2, "version": "7.4.3", "timestamp": "2024-06-14T22:04:21.423468", "branch_coverage": false, "show_contexts": false}, "files": {"nbappinator/__init__.py": {"executed_lines": [1, 3, 4, 5, 7], "summary": {"covered_lines": 5, "num_statements": 5, "percent_covered": 100.0, "percent_covered_display": "100", "missing_lines": 0, "excluded_lines": 0}, "missing_lines": [], "excluded_lines": []}, "nbappinator/_version.py": {"executed_lines": [1, 2], "summary": {"covered_lines": 2, "num_statements": 2, "percent_covered": 100.0, "percent_covered_display": "100", "missing_lines": 0, "excluded_lines": 0}, "missing_lines": [], "excluded_lines": []}, "nbappinator/aggridhelper.py": {"executed_lines": [1, 2, 3, 4, 7, 22, 36, 37, 39, 40], "summary": {"covered_lines": 10, "num_statements": 10, "percent_covered": 100.0, "percent_covered_display": "100", "missing_lines": 0, "excluded_lines": 0}, "missing_lines": [], "excluded_lines": []}, "nbappinator/appinator.py": {"executed_lines": [1, 2, 3, 4, 5, 6, 7, 9, 10, 11, 12, 13, 14, 15, 17, 18, 19, 21, 23, 26, 27, 28, 29, 32, 33, 34, 35, 36, 39, 40, 41, 42, 44, 46, 47, 48, 52, 54, 55, 57, 70, 71, 73, 75, 77, 81, 83, 84, 86, 90, 92, 93, 94, 98, 100, 106, 107, 111, 118, 119, 123, 133, 141, 145, 149, 150, 151, 155, 160, 161, 165, 170, 172, 176, 181, 182, 184, 185, 187, 191, 198, 199, 200, 202, 206, 215, 217, 221, 226, 227, 228, 229, 235, 236, 241, 258, 260, 262, 274, 275, 282, 283, 290, 291, 300, 301, 302, 304, 306, 307, 308, 310, 314, 341, 342, 344, 345, 346, 348, 350, 352, 353, 354, 356, 357, 359, 361, 362, 372, 373, 375, 376, 378, 395, 396, 405, 407, 408, 410, 412, 413, 415, 430, 434, 439, 440, 441, 442, 445, 446, 447, 449, 451, 453, 456, 460, 462, 464, 465, 467, 468, 470, 471, 472, 473, 475, 477, 479, 480, 482, 483, 484, 485, 489, 490, 491, 493, 495, 497, 498, 499, 500, 501, 503, 505, 507, 508, 509, 511, 522, 523, 525, 526, 528, 530, 531, 533, 534, 536, 537, 538, 540, 541, 542, 543, 545, 547, 548, 550, 551, 554, 555, 556, 557, 558, 559, 562, 564, 565, 566, 567, 568, 569, 582, 583, 584, 585, 586, 588, 590, 592, 594, 595, 596, 601, 611, 612, 613, 614, 616, 617, 619, 620, 622, 624, 625, 626, 627, 628, 630, 631, 632, 634, 636, 637, 638, 639, 641, 642, 644, 645, 647, 648, 650, 651, 652, 654, 655, 656, 657, 658, 659, 660, 661, 663, 664, 665, 666, 667, 668, 669, 670, 671, 673, 674, 675, 729, 730, 732, 733, 734, 742, 743, 744], "summary": {"covered_lines": 294, "num_statements": 307, "percent_covered": 95.76547231270358, "percent_covered_display": "96", "missing_lines": 13, "excluded_lines": 0}, "missing_lines": [230, 244, 245, 246, 247, 248, 249, 250, 251, 252, 253, 254, 256], "excluded_lines": []}, "nbappinator/browser_title.py": {"executed_lines": [1, 2, 3, 5, 6, 7, 9, 10], "summary": {"covered_lines": 8, "num_statements": 8, "percent_covered": 100.0, "percent_covered_display": "100", "missing_lines": 0, "excluded_lines": 0}, "missing_lines": [], "excluded_lines": []}, "nbappinator/datagrid.py": {"executed_lines": [1, 2, 3, 4, 6, 7, 8, 10, 13, 16, 17, 20, 21, 22, 23, 24, 25, 26, 27, 29, 30, 31, 32, 33, 36, 42, 43, 44, 46, 47, 48, 49, 51, 52, 73, 74, 96, 103, 104, 143, 151, 171, 172, 173, 174, 175, 178, 179, 180, 181, 183, 202, 205, 206, 207, 208, 210, 212, 213, 215, 217, 218, 220, 223, 224, 226, 227, 230, 231, 242, 243, 244, 245, 246, 248, 250, 265, 266, 267, 270, 271, 275, 388, 390, 392, 401, 403, 404, 405, 408, 409, 411, 412, 413, 415, 416, 417, 422, 423, 424, 426, 431, 433, 434, 435, 436, 437, 438], "summary": {"covered_lines": 107, "num_statements": 107, "percent_covered": 100.0, "percent_covered_display": "100", "missing_lines": 0, "excluded_lines": 6}, "missing_lines": [], "excluded_lines": [392, 395, 396, 397, 398, 399]}, "nbappinator/jinjamagic.py": {"executed_lines": [], "summary": {"covered_lines": 0, "num_statements": 0, "percent_covered": 100.0, "percent_covered_display": "100", "missing_lines": 0, "excluded_lines": 0}, "missing_lines": [], "excluded_lines": []}, "nbappinator/plotly_charts.py": {"executed_lines": [1, 2, 3, 4, 5, 6, 7, 8, 9, 11, 14, 15, 16, 19, 26, 27, 28, 30, 31, 32, 33, 34, 36, 37, 38, 39, 41, 42, 62, 64], "summary": {"covered_lines": 30, "num_statements": 30, "percent_covered": 100.0, "percent_covered_display": "100", "missing_lines": 0, "excluded_lines": 0}, "missing_lines": [], "excluded_lines": []}, "nbappinator/treew.py": {"executed_lines": [1, 2, 4, 13, 14, 15, 17, 18, 19, 21, 22, 23, 24, 26, 27, 28, 29, 30, 31, 32, 34, 35, 37, 40, 42, 43, 44, 45, 46, 48, 49, 50, 51, 52, 54, 56, 57, 58, 60], "summary": {"covered_lines": 39, "num_statements": 39, "percent_covered": 100.0, "percent_covered_display": "100", "missing_lines": 0, "excluded_lines": 0}, "missing_lines": [], "excluded_lines": []}}, "totals": {"covered_lines": 495, "num_statements": 508, "percent_covered": 97.44094488188976, "percent_covered_display": "97", "missing_lines": 13, "excluded_lines": 6}}, "coverage_path": "."}