{"coverage": 85.45454545454545, "raw_data": {"meta": {"format": 2, "version": "7.4.3", "timestamp": "2024-05-05T19:52:16.291698", "branch_coverage": false, "show_contexts": false}, "files": {"nbappinator/__init__.py": {"executed_lines": [1, 2, 4], "summary": {"covered_lines": 3, "num_statements": 3, "percent_covered": 100.0, "percent_covered_display": "100", "missing_lines": 0, "excluded_lines": 0}, "missing_lines": [], "excluded_lines": []}, "nbappinator/aggridhelper.py": {"executed_lines": [1, 2, 3, 4, 7, 22, 36, 37, 39, 40], "summary": {"covered_lines": 10, "num_statements": 10, "percent_covered": 100.0, "percent_covered_display": "100", "missing_lines": 0, "excluded_lines": 0}, "missing_lines": [], "excluded_lines": []}, "nbappinator/appinator.py": {"executed_lines": [1, 2, 3, 5, 6, 7, 9, 10, 11, 12, 13, 14, 15, 17, 18, 19, 20, 21, 23, 25, 28, 29, 30, 31, 32, 35, 36, 37, 38, 39, 42, 43, 44, 45, 47, 49, 50, 51, 53, 55, 56, 58, 70, 71, 73, 75, 77, 81, 83, 84, 86, 90, 92, 93, 94, 98, 100, 106, 109, 113, 120, 121, 125, 135, 143, 147, 151, 154, 155, 159, 164, 165, 169, 174, 175, 179, 184, 185, 186, 188, 192, 200, 201, 202, 206, 210, 219, 223, 227, 240, 241, 248, 249, 256, 257, 266, 267, 268, 272, 274, 275, 276, 280, 302, 303, 305, 306, 307, 309, 311, 313, 315, 316, 318, 319, 321, 323, 324, 334, 335, 337, 338, 340, 357, 358, 367, 369, 370, 372, 374, 389, 394, 395, 397, 399, 401, 403, 406, 410, 412, 414, 415, 417, 418, 420, 422, 425, 427, 432, 435, 436, 440, 441, 442, 443, 447, 448, 449, 451, 453, 455, 456, 457, 458, 459, 461, 467, 469, 471, 479, 489, 490, 492, 493, 497, 498, 500, 507, 508, 510, 514, 515, 516, 517, 519, 521, 522, 524, 525, 528, 529, 530, 531, 532, 533, 536, 538, 539, 540, 541, 542, 545, 558, 559, 560, 561, 562, 564, 566, 568, 570, 571, 572, 577, 587, 588, 589, 590, 592, 593, 595, 598, 600, 602, 603, 606, 607, 608, 610, 611, 612, 614, 616, 617, 618, 619, 621, 622, 624, 625, 627, 630, 636, 646, 647, 648, 649, 650, 651, 652, 653, 654, 656, 657, 658, 705, 706, 708, 709, 719, 720, 721], "summary": {"covered_lines": 262, "num_statements": 293, "percent_covered": 89.419795221843, "percent_covered_display": "89", "missing_lines": 31, "excluded_lines": 0}, "missing_lines": [270, 421, 423, 428, 438, 462, 463, 464, 465, 472, 473, 475, 476, 477, 495, 501, 503, 505, 511, 512, 628, 631, 632, 637, 638, 639, 640, 641, 642, 643, 710], "excluded_lines": []}, "nbappinator/browser_title.py": {"executed_lines": [1, 2, 3, 5, 6, 7, 9, 10], "summary": {"covered_lines": 8, "num_statements": 8, "percent_covered": 100.0, "percent_covered_display": "100", "missing_lines": 0, "excluded_lines": 0}, "missing_lines": [], "excluded_lines": []}, "nbappinator/datagrid.py": {"executed_lines": [1, 2, 3, 4, 6, 7, 8, 10, 13, 14, 15, 16, 17, 18, 19, 20, 21, 23, 24, 26, 27, 29, 33, 39, 40, 41, 43, 44, 48, 70, 71, 93, 100, 101, 140, 148, 168, 169, 170, 172, 175, 176, 177, 178, 180, 202, 203, 204, 205, 209, 212, 214, 215, 217, 220, 221, 223, 227, 239, 240, 241, 242, 243, 245, 247, 262, 263, 264, 272, 385, 387, 389, 396, 398, 423, 428, 430], "summary": {"covered_lines": 74, "num_statements": 86, "percent_covered": 86.04651162790698, "percent_covered_display": "86", "missing_lines": 12, "excluded_lines": 29}, "missing_lines": [25, 30, 45, 46, 49, 171, 208, 210, 224, 228, 267, 268], "excluded_lines": [389, 390, 391, 392, 393, 394, 398, 399, 400, 403, 404, 405, 406, 407, 409, 410, 411, 416, 417, 418, 419, 420, 421, 430, 433, 434, 435, 436, 437]}, "nbappinator/plotly_charts.py": {"executed_lines": [1, 2, 3, 4, 5, 6, 7, 8, 9, 11, 14, 15, 16, 19, 26, 27, 28, 30, 31, 32, 33, 34, 35, 36, 38, 39, 40, 41, 43, 56, 58], "summary": {"covered_lines": 31, "num_statements": 34, "percent_covered": 91.17647058823529, "percent_covered_display": "91", "missing_lines": 3, "excluded_lines": 0}, "missing_lines": [46, 47, 49], "excluded_lines": []}, "nbappinator/treew.py": {"executed_lines": [1, 2, 3, 4, 6, 9, 15, 16, 17, 19, 20, 21, 23, 24, 25, 26, 28, 29, 30, 31, 32, 33, 34, 36, 39, 42, 44, 50, 56, 58, 59, 60, 62, 65, 72], "summary": {"covered_lines": 35, "num_statements": 61, "percent_covered": 57.377049180327866, "percent_covered_display": "57", "missing_lines": 26, "excluded_lines": 0}, "missing_lines": [10, 11, 12, 37, 45, 46, 47, 48, 51, 52, 53, 54, 66, 67, 68, 69, 75, 77, 78, 79, 80, 84, 87, 88, 90, 92], "excluded_lines": []}, "tests/conftest.py": {"executed_lines": [0], "summary": {"covered_lines": 0, "num_statements": 0, "percent_covered": 100.0, "percent_covered_display": "100", "missing_lines": 0, "excluded_lines": 0}, "missing_lines": [], "excluded_lines": []}}, "totals": {"covered_lines": 423, "num_statements": 495, "percent_covered": 85.45454545454545, "percent_covered_display": "85", "missing_lines": 72, "excluded_lines": 29}}, "coverage_path": "."}