{"coverage": 30.939226519337016, "raw_data": {"meta": {"format": 2, "version": "7.4.3", "timestamp": "2024-05-03T20:21:42.939352", "branch_coverage": false, "show_contexts": false}, "files": {"nbappinator/__init__.py": {"executed_lines": [1, 2, 4], "summary": {"covered_lines": 3, "num_statements": 3, "percent_covered": 100.0, "percent_covered_display": "100", "missing_lines": 0, "excluded_lines": 0}, "missing_lines": [], "excluded_lines": []}, "nbappinator/aggridhelper.py": {"executed_lines": [1, 2, 3, 4, 7], "summary": {"covered_lines": 5, "num_statements": 10, "percent_covered": 50.0, "percent_covered_display": "50", "missing_lines": 5, "excluded_lines": 0}, "missing_lines": [22, 36, 37, 39, 40], "excluded_lines": []}, "nbappinator/appinator.py": {"executed_lines": [1, 2, 3, 4, 5, 7, 8, 9, 10, 11, 12, 13, 15, 16, 17, 18, 19, 21, 23, 26, 27, 28, 29, 30, 33, 34, 35, 36, 37, 40, 41, 42, 43, 44, 46, 49, 77, 88, 97, 113, 128, 153, 164, 177, 187, 203, 225, 245, 306, 372, 434, 435, 437, 439, 441, 443, 446, 450, 452, 454, 465, 468, 478, 483, 530, 537, 543, 546, 553, 556, 560, 567, 570, 574, 575, 576, 577, 578, 579, 582, 584, 638, 658, 672, 678, 688, 698, 747, 748, 750, 751, 761, 762], "summary": {"covered_lines": 93, "num_statements": 296, "percent_covered": 31.41891891891892, "percent_covered_display": "31", "missing_lines": 203, "excluded_lines": 0}, "missing_lines": [47, 64, 65, 67, 69, 71, 80, 82, 89, 90, 91, 104, 107, 121, 122, 139, 147, 154, 157, 158, 170, 171, 180, 181, 193, 194, 195, 197, 211, 213, 214, 215, 219, 235, 239, 258, 259, 261, 262, 264, 265, 272, 273, 280, 281, 290, 291, 292, 294, 296, 298, 299, 300, 329, 330, 332, 333, 334, 337, 339, 341, 343, 345, 346, 348, 352, 353, 364, 365, 367, 370, 392, 393, 395, 396, 405, 407, 408, 410, 412, 427, 455, 456, 458, 459, 460, 462, 463, 466, 469, 471, 472, 473, 474, 476, 479, 489, 490, 491, 495, 496, 498, 500, 501, 502, 503, 507, 508, 510, 512, 514, 515, 516, 517, 519, 520, 521, 522, 524, 526, 528, 531, 532, 534, 535, 538, 539, 541, 544, 547, 549, 551, 554, 557, 558, 561, 562, 563, 565, 568, 571, 585, 586, 587, 588, 591, 604, 605, 606, 607, 608, 610, 612, 614, 616, 617, 618, 623, 633, 634, 635, 636, 641, 643, 645, 646, 649, 650, 651, 652, 653, 654, 656, 659, 660, 661, 663, 664, 666, 667, 669, 670, 673, 674, 679, 680, 681, 682, 683, 684, 685, 689, 690, 691, 692, 693, 694, 695, 696, 699, 700, 752, 763], "excluded_lines": []}, "nbappinator/browser_title.py": {"executed_lines": [1, 2, 3, 5, 9], "summary": {"covered_lines": 5, "num_statements": 8, "percent_covered": 62.5, "percent_covered_display": "62", "missing_lines": 3, "excluded_lines": 0}, "missing_lines": [6, 7, 10], "excluded_lines": []}, "nbappinator/datagrid.py": {"executed_lines": [1, 2, 3, 4, 6, 7, 8, 10, 13, 14, 15, 16, 17, 18, 19, 20, 21, 23, 33, 175, 176, 177, 178, 180, 398, 423, 430], "summary": {"covered_lines": 27, "num_statements": 115, "percent_covered": 23.47826086956522, "percent_covered_display": "23", "missing_lines": 88, "excluded_lines": 0}, "missing_lines": [24, 25, 26, 27, 29, 30, 39, 40, 41, 43, 44, 45, 46, 48, 49, 70, 71, 93, 100, 101, 140, 148, 168, 169, 170, 171, 172, 202, 203, 204, 205, 208, 209, 210, 212, 214, 215, 217, 220, 221, 223, 224, 227, 228, 239, 240, 241, 242, 243, 245, 247, 262, 263, 264, 267, 268, 272, 385, 387, 389, 390, 391, 392, 393, 394, 396, 399, 400, 403, 404, 405, 406, 407, 409, 410, 411, 416, 417, 418, 419, 420, 421, 428, 431, 432, 433, 434, 435], "excluded_lines": []}, "nbappinator/plotly_charts.py": {"executed_lines": [1, 2, 3, 4, 5, 6, 7, 8, 9, 11, 14, 19], "summary": {"covered_lines": 12, "num_statements": 36, "percent_covered": 33.333333333333336, "percent_covered_display": "33", "missing_lines": 24, "excluded_lines": 0}, "missing_lines": [15, 16, 26, 27, 28, 30, 31, 32, 33, 34, 35, 36, 38, 39, 40, 41, 43, 44, 45, 46, 47, 48, 55, 57], "excluded_lines": []}, "nbappinator/treew.py": {"executed_lines": [1, 2, 3, 4, 6, 9, 15, 65, 72], "summary": {"covered_lines": 9, "num_statements": 61, "percent_covered": 14.754098360655737, "percent_covered_display": "15", "missing_lines": 52, "excluded_lines": 0}, "missing_lines": [10, 11, 12, 16, 17, 19, 20, 21, 23, 24, 25, 26, 28, 29, 30, 31, 32, 33, 34, 36, 37, 39, 42, 44, 45, 46, 47, 48, 50, 51, 52, 53, 54, 56, 58, 59, 60, 62, 66, 67, 68, 69, 75, 77, 78, 79, 80, 84, 87, 88, 90, 92], "excluded_lines": []}, "tests/conftest.py": {"executed_lines": [0], "summary": {"covered_lines": 0, "num_statements": 0, "percent_covered": 100.0, "percent_covered_display": "100", "missing_lines": 0, "excluded_lines": 0}, "missing_lines": [], "excluded_lines": []}, "tests/test_nb.py": {"executed_lines": [1, 2, 3, 4, 5, 7, 8, 11, 19, 20, 21, 22, 23, 24], "summary": {"covered_lines": 14, "num_statements": 14, "percent_covered": 100.0, "percent_covered_display": "100", "missing_lines": 0, "excluded_lines": 0}, "missing_lines": [], "excluded_lines": []}}, "totals": {"covered_lines": 168, "num_statements": 543, "percent_covered": 30.939226519337016, "percent_covered_display": "31", "missing_lines": 375, "excluded_lines": 0}}, "coverage_path": "."}